,Unnamed: 0,FoodID,NutrientID,NutrientValue,StandardError,NumberofObservations,NutrientSourceID,NutrientDateOfEntry,ID,NutrientCode,NutrientSymbol,NutrientUnit,NutrientName,Tagname,NutrientDecimals,need,NutrientGroup,dv
152747,153258,2338,301,0.0,0.0,6.0,0,1997-05-01,22.0,301.0,CA,mg,CALCIUM,CA,0,1000.0,3.0,0.0
153016,153527,2341,301,0.0,0.0,6.0,0,1997-05-01,22.0,301.0,CA,mg,CALCIUM,CA,0,1000.0,3.0,0.0
153218,153729,2343,301,1.0,0.08,5.0,0,2009-07-02,22.0,301.0,CA,mg,CALCIUM,CA,0,1000.0,3.0,0.001
412470,413971,6219,301,1.0,,2.0,0,2006-11-30,22.0,301.0,CA,mg,CALCIUM,CA,0,1000.0,3.0,0.001
390025,391335,5900,301,2.0,,1.0,0,2005-03-14,22.0,301.0,CA,mg,CALCIUM,CA,0,1000.0,3.0,0.002
475574,477557,502254,301,2.0,0.306,4.0,0,2013-05-22,22.0,301.0,CA,mg,CALCIUM,CA,0,1000.0,3.0,0.002
461792,463662,502112,301,2.0,0.402,4.0,0,2012-09-06,22.0,301.0,CA,mg,CALCIUM,CA,0,1000.0,3.0,0.002
335393,336488,4866,301,3.0,1.076,4.0,0,2009-06-19,22.0,301.0,CA,mg,CALCIUM,CA,0,1000.0,3.0,0.003
152923,153434,2340,301,3.0,2.5,7.0,0,1997-05-01,22.0,301.0,CA,mg,CALCIUM,CA,0,1000.0,3.0,0.003
426247,427823,501627,301,3.0,0.11,287.0,0,2009-06-29,22.0,301.0,CA,mg,CALCIUM,CA,0,1000.0,3.0,0.003
158481,158995,2399,301,3.0,0.268,52.0,0,2009-07-02,22.0,301.0,CA,mg,CALCIUM,CA,0,1000.0,3.0,0.003
131356,131854,2071,301,3.0,,0.0,0,1997-05-01,22.0,301.0,CA,mg,CALCIUM,CA,0,1000.0,3.0,0.003
393207,394532,5957,301,3.0,0.538,7.0,0,2010-05-13,22.0,301.0,CA,mg,CALCIUM,CA,0,1000.0,3.0,0.003
131041,131539,2068,301,3.0,0.175,30.0,0,2010-03-22,22.0,301.0,CA,mg,CALCIUM,CA,0,1000.0,3.0,0.003
338811,339913,4973,301,3.0,0.68,5.0,0,2010-05-31,22.0,301.0,CA,mg,CALCIUM,CA,0,1000.0,3.0,0.003
157519,158033,2389,301,3.0,0.11,287.0,0,1997-05-01,22.0,301.0,CA,mg,CALCIUM,CA,0,1000.0,3.0,0.003
131252,131750,2070,301,3.0,0.351,4.0,0,2015-01-27,22.0,301.0,CA,mg,CALCIUM,CA,0,1000.0,3.0,0.003
153823,154334,2351,301,4.0,3.351,7.0,0,2009-07-02,22.0,301.0,CA,mg,CALCIUM,CA,0,1000.0,3.0,0.004
157729,158243,2391,301,4.0,0.666,57.0,0,2009-07-02,22.0,301.0,CA,mg,CALCIUM,CA,0,1000.0,3.0,0.004
153114,153625,2342,301,4.0,1.51,48.0,0,1997-05-01,22.0,301.0,CA,mg,CALCIUM,CA,0,1000.0,3.0,0.004
147828,148333,2275,301,4.0,0.433,6.0,0,2009-07-02,22.0,301.0,CA,mg,CALCIUM,CA,0,1000.0,3.0,0.004
368162,369426,5573,301,5.0,,1.0,0,2008-06-06,22.0,301.0,CA,mg,CALCIUM,CA,0,1000.0,3.0,0.005
160401,160916,2419,301,5.0,1.393,6.0,0,2009-07-02,22.0,301.0,CA,mg,CALCIUM,CA,0,1000.0,3.0,0.005
160774,161289,2423,301,5.0,1.74,5.0,0,1997-05-01,22.0,301.0,CA,mg,CALCIUM,CA,0,1000.0,3.0,0.005
160908,161423,2425,301,5.0,,0.0,0,1997-05-01,22.0,301.0,CA,mg,CALCIUM,CA,0,1000.0,3.0,0.005
445181,446845,501887,301,5.0,0.601,3.0,0,2009-05-15,22.0,301.0,CA,mg,CALCIUM,CA,0,1000.0,3.0,0.005
433699,435294,501742,301,5.0,1.74,5.0,0,2009-06-29,22.0,301.0,CA,mg,CALCIUM,CA,0,1000.0,3.0,0.005
157624,158138,2390,301,5.0,0.389,69.0,0,2009-07-02,22.0,301.0,CA,mg,CALCIUM,CA,0,1000.0,3.0,0.005
336252,337347,4880,301,5.0,,2.0,0,2000-12-20,22.0,301.0,CA,mg,CALCIUM,CA,0,1000.0,3.0,0.005
152844,153355,2339,301,5.0,3.774,7.0,0,2009-07-02,22.0,301.0,CA,mg,CALCIUM,CA,0,1000.0,3.0,0.005
160579,161094,2421,301,5.0,1.31,6.0,0,1997-05-01,22.0,301.0,CA,mg,CALCIUM,CA,0,1000.0,3.0,0.005
167202,167725,2496,301,6.0,0.377,4.0,0,2009-07-02,22.0,301.0,CA,mg,CALCIUM,CA,0,1000.0,3.0,0.006
132707,133205,2089,301,6.0,0.292,18.0,0,2009-07-02,22.0,301.0,CA,mg,CALCIUM,CA,0,1000.0,3.0,0.006
334300,335394,4850,301,6.0,,2.0,0,2000-12-20,22.0,301.0,CA,mg,CALCIUM,CA,0,1000.0,3.0,0.006
427238,428817,501642,301,6.0,0.29,18.0,0,2009-06-29,22.0,301.0,CA,mg,CALCIUM,CA,0,1000.0,3.0,0.006
135161,135659,2123,301,6.0,,0.0,0,1997-05-01,22.0,301.0,CA,mg,CALCIUM,CA,0,1000.0,3.0,0.006
422399,423971,501575,301,7.0,,1.0,0,2009-06-29,22.0,301.0,CA,mg,CALCIUM,CA,0,1000.0,3.0,0.007
153506,154017,2347,301,7.0,,2.0,0,1997-05-01,22.0,301.0,CA,mg,CALCIUM,CA,0,1000.0,3.0,0.007
357950,359170,5417,301,7.0,1.101,4.0,0,2009-06-19,22.0,301.0,CA,mg,CALCIUM,CA,0,1000.0,3.0,0.007
162012,162530,2437,301,7.0,,1.0,0,1997-05-01,22.0,301.0,CA,mg,CALCIUM,CA,0,1000.0,3.0,0.007
124384,124881,1987,301,7.0,,1.0,0,1997-05-01,22.0,301.0,CA,mg,CALCIUM,CA,0,1000.0,3.0,0.007
140251,140751,2184,301,7.0,,0.0,0,1997-05-01,22.0,301.0,CA,mg,CALCIUM,CA,0,1000.0,3.0,0.007
138327,138825,2160,301,7.0,,0.0,0,1997-05-01,22.0,301.0,CA,mg,CALCIUM,CA,0,1000.0,3.0,0.007
357742,358962,5415,301,8.0,1.435,4.0,0,2009-06-19,22.0,301.0,CA,mg,CALCIUM,CA,0,1000.0,3.0,0.008
155242,155753,2367,301,8.0,1.145,7.0,0,2009-07-02,22.0,301.0,CA,mg,CALCIUM,CA,0,1000.0,3.0,0.008
160680,161195,2422,301,8.0,3.105,6.0,0,2009-07-02,22.0,301.0,CA,mg,CALCIUM,CA,0,1000.0,3.0,0.008
140158,140658,2183,301,8.0,2.64,8.0,0,1997-05-01,22.0,301.0,CA,mg,CALCIUM,CA,0,1000.0,3.0,0.008
133166,133664,2095,301,9.0,,0.0,0,1997-05-01,22.0,301.0,CA,mg,CALCIUM,CA,0,1000.0,3.0,0.009
166368,166891,2485,301,9.0,,0.0,0,1997-05-01,22.0,301.0,CA,mg,CALCIUM,CA,0,1000.0,3.0,0.009
132612,133110,2088,301,9.0,0.402,7.0,0,2013-09-03,22.0,301.0,CA,mg,CALCIUM,CA,0,1000.0,3.0,0.009
159995,160510,2414,301,9.0,,0.0,0,1997-05-01,22.0,301.0,CA,mg,CALCIUM,CA,0,1000.0,3.0,0.009
161756,162274,2434,301,9.0,0.455,6.0,0,2009-07-02,22.0,301.0,CA,mg,CALCIUM,CA,0,1000.0,3.0,0.009
167924,168448,2506,301,9.0,0.0,0.0,4,1997-05-01,22.0,301.0,CA,mg,CALCIUM,CA,0,1000.0,3.0,0.009
140400,140900,2186,301,9.0,,0.0,0,1997-05-01,22.0,301.0,CA,mg,CALCIUM,CA,0,1000.0,3.0,0.009
125238,125736,1998,301,9.0,,1.0,0,1997-05-01,22.0,301.0,CA,mg,CALCIUM,CA,0,1000.0,3.0,0.009
378591,379876,5708,301,9.0,0.37,8.0,0,2004-03-24,22.0,301.0,CA,mg,CALCIUM,CA,0,1000.0,3.0,0.009
336517,337612,4885,301,9.0,,2.0,0,2000-12-20,22.0,301.0,CA,mg,CALCIUM,CA,0,1000.0,3.0,0.009
349650,350835,5285,301,9.0,0.1,3.0,0,2003-03-21,22.0,301.0,CA,mg,CALCIUM,CA,0,1000.0,3.0,0.009
428614,430201,501656,301,9.0,,0.0,0,2009-06-29,22.0,301.0,CA,mg,CALCIUM,CA,0,1000.0,3.0,0.009
378487,379772,5707,301,10.0,1.389,5.0,0,2009-06-19,22.0,301.0,CA,mg,CALCIUM,CA,0,1000.0,3.0,0.01
163983,164504,2460,301,10.0,0.291,69.0,0,2009-07-02,22.0,301.0,CA,mg,CALCIUM,CA,0,1000.0,3.0,0.01
163706,164227,2457,301,10.0,,0.0,0,1997-05-01,22.0,301.0,CA,mg,CALCIUM,CA,0,1000.0,3.0,0.01
162082,162600,2438,301,10.0,,0.0,0,1997-05-01,22.0,301.0,CA,mg,CALCIUM,CA,0,1000.0,3.0,0.01
349762,350948,5286,301,10.0,1.1,4.0,0,2003-03-21,22.0,301.0,CA,mg,CALCIUM,CA,0,1000.0,3.0,0.01
417457,418993,6287,301,10.0,0.709,12.0,0,2015-01-27,22.0,301.0,CA,mg,CALCIUM,CA,0,1000.0,3.0,0.01
161335,161851,2430,301,10.0,,0.0,0,1997-05-01,22.0,301.0,CA,mg,CALCIUM,CA,0,1000.0,3.0,0.01
164868,165390,2469,301,10.0,0.508,27.0,0,2009-07-02,22.0,301.0,CA,mg,CALCIUM,CA,0,1000.0,3.0,0.01
433490,435085,501739,301,10.0,,0.0,0,2009-06-29,22.0,301.0,CA,mg,CALCIUM,CA,0,1000.0,3.0,0.01
159877,160392,2413,301,10.0,0.259,64.0,0,2009-07-02,22.0,301.0,CA,mg,CALCIUM,CA,0,1000.0,3.0,0.01
335505,336600,4867,301,10.0,,2.0,0,2000-12-20,22.0,301.0,CA,mg,CALCIUM,CA,0,1000.0,3.0,0.01
124341,124838,1986,301,10.0,,0.0,0,1997-05-01,22.0,301.0,CA,mg,CALCIUM,CA,0,1000.0,3.0,0.01
161941,162459,2436,301,10.0,1.2,36.0,3,1997-05-01,22.0,301.0,CA,mg,CALCIUM,CA,0,1000.0,3.0,0.01
164399,164920,2464,301,10.0,0.709,12.0,0,2015-01-27,22.0,301.0,CA,mg,CALCIUM,CA,0,1000.0,3.0,0.01
158587,159101,2400,301,11.0,,0.0,0,1997-05-01,22.0,301.0,CA,mg,CALCIUM,CA,0,1000.0,3.0,0.011
147752,148256,2274,301,11.0,,1.0,0,1997-05-01,22.0,301.0,CA,mg,CALCIUM,CA,0,1000.0,3.0,0.011
144386,144889,2233,301,11.0,0.873,24.0,0,2009-07-02,22.0,301.0,CA,mg,CALCIUM,CA,0,1000.0,3.0,0.011
164089,164610,2461,301,11.0,1.545,4.0,0,2009-07-02,22.0,301.0,CA,mg,CALCIUM,CA,0,1000.0,3.0,0.011
153280,153791,2344,301,11.0,,2.0,0,1997-05-01,22.0,301.0,CA,mg,CALCIUM,CA,0,1000.0,3.0,0.011
165427,165950,2475,301,11.0,0.244,29.0,0,2009-07-02,22.0,301.0,CA,mg,CALCIUM,CA,0,1000.0,3.0,0.011
165500,166023,2476,301,11.0,0.266,59.0,0,2009-07-02,22.0,301.0,CA,mg,CALCIUM,CA,0,1000.0,3.0,0.011
334803,335897,4858,301,11.0,,2.0,0,2000-12-20,22.0,301.0,CA,mg,CALCIUM,CA,0,1000.0,3.0,0.011
165795,166318,2479,301,11.0,3.037,10.0,0,2009-07-02,22.0,301.0,CA,mg,CALCIUM,CA,0,1000.0,3.0,0.011
148673,149180,2286,301,11.0,,0.0,0,1997-05-01,22.0,301.0,CA,mg,CALCIUM,CA,0,1000.0,3.0,0.011
334227,335321,4849,301,11.0,,2.0,0,2000-12-20,22.0,301.0,CA,mg,CALCIUM,CA,0,1000.0,3.0,0.011
369006,370270,5586,301,11.0,,1.0,0,2009-06-19,22.0,301.0,CA,mg,CALCIUM,CA,0,1000.0,3.0,0.011
148580,149087,2285,301,12.0,,2.0,0,1997-05-01,22.0,301.0,CA,mg,CALCIUM,CA,0,1000.0,3.0,0.012
167822,168346,2505,301,12.0,1.368,11.0,0,2009-07-02,22.0,301.0,CA,mg,CALCIUM,CA,0,1000.0,3.0,0.012
162165,162683,2439,301,12.0,,0.0,0,1997-05-01,22.0,301.0,CA,mg,CALCIUM,CA,0,1000.0,3.0,0.012
161837,162355,2435,301,12.0,0.318,13.0,0,2015-01-27,22.0,301.0,CA,mg,CALCIUM,CA,0,1000.0,3.0,0.012
125412,125910,2000,301,12.0,,0.0,0,1997-05-01,22.0,301.0,CA,mg,CALCIUM,CA,0,1000.0,3.0,0.012
433391,434986,501738,301,12.0,,2.0,0,2009-06-29,22.0,301.0,CA,mg,CALCIUM,CA,0,1000.0,3.0,0.012
143226,143728,2220,301,12.0,0.143,6.0,0,2009-07-02,22.0,301.0,CA,mg,CALCIUM,CA,0,1000.0,3.0,0.012
335164,336259,4862,301,12.0,,2.0,0,2000-12-20,22.0,301.0,CA,mg,CALCIUM,CA,0,1000.0,3.0,0.012
126220,126718,2009,301,12.0,,0.0,0,1997-05-01,22.0,301.0,CA,mg,CALCIUM,CA,0,1000.0,3.0,0.012
145956,146459,2251,301,12.0,,1.0,0,1997-05-01,22.0,301.0,CA,mg,CALCIUM,CA,0,1000.0,3.0,0.012
126124,126622,2008,301,13.0,1.966,8.0,0,2009-07-02,22.0,301.0,CA,mg,CALCIUM,CA,0,1000.0,3.0,0.013
130008,130506,2055,301,13.0,,1.0,0,1997-05-01,22.0,301.0,CA,mg,CALCIUM,CA,0,1000.0,3.0,0.013
125317,125815,1999,301,13.0,,0.0,0,1997-05-01,22.0,301.0,CA,mg,CALCIUM,CA,0,1000.0,3.0,0.013
140007,140507,2181,301,13.0,0.749,6.0,0,2009-07-02,22.0,301.0,CA,mg,CALCIUM,CA,0,1000.0,3.0,0.013
126314,126812,2010,301,13.0,,1.0,0,1997-05-01,22.0,301.0,CA,mg,CALCIUM,CA,0,1000.0,3.0,0.013
161543,162060,2432,301,13.0,,12.0,0,2015-01-27,22.0,301.0,CA,mg,CALCIUM,CA,0,1000.0,3.0,0.013
164774,165296,2468,301,13.0,0.434,28.0,0,2009-07-02,22.0,301.0,CA,mg,CALCIUM,CA,0,1000.0,3.0,0.013
146166,146669,2255,301,13.0,,0.0,0,1997-05-01,22.0,301.0,CA,mg,CALCIUM,CA,0,1000.0,3.0,0.013
493845,496052,502494,301,13.0,,1.0,0,2015-01-16,22.0,301.0,CA,mg,CALCIUM,CA,0,1000.0,3.0,0.013
349534,350717,5284,301,13.0,0.503,4.0,0,2009-07-02,22.0,301.0,CA,mg,CALCIUM,CA,0,1000.0,3.0,0.013
164603,165125,2466,301,13.0,0.307,66.0,0,2009-07-02,22.0,301.0,CA,mg,CALCIUM,CA,0,1000.0,3.0,0.013
389442,390752,5883,301,13.0,,1.0,0,2005-03-14,22.0,301.0,CA,mg,CALCIUM,CA,0,1000.0,3.0,0.013
161648,162166,2433,301,14.0,,0.0,0,2015-01-16,22.0,301.0,CA,mg,CALCIUM,CA,0,1000.0,3.0,0.014
493829,496035,502493,301,14.0,2.118,3.0,0,2015-01-16,22.0,301.0,CA,mg,CALCIUM,CA,0,1000.0,3.0,0.014
138231,138729,2159,301,14.0,,0.0,0,1997-05-01,22.0,301.0,CA,mg,CALCIUM,CA,0,1000.0,3.0,0.014
334724,335818,4857,301,14.0,,2.0,0,2000-12-20,22.0,301.0,CA,mg,CALCIUM,CA,0,1000.0,3.0,0.014
163524,164045,2455,301,14.0,,1.0,0,1997-05-01,22.0,301.0,CA,mg,CALCIUM,CA,0,1000.0,3.0,0.014
138923,139421,2168,301,14.0,,0.0,0,2004-03-31,22.0,301.0,CA,mg,CALCIUM,CA,0,1000.0,3.0,0.014
148484,148991,2284,301,14.0,4.137,6.0,0,2009-07-02,22.0,301.0,CA,mg,CALCIUM,CA,0,1000.0,3.0,0.014
133539,134037,2100,301,14.0,,0.0,0,1997-05-01,22.0,301.0,CA,mg,CALCIUM,CA,0,1000.0,3.0,0.014
146008,146511,2252,301,14.0,,1.0,0,1997-05-01,22.0,301.0,CA,mg,CALCIUM,CA,0,1000.0,3.0,0.014
134617,135115,2114,301,14.0,,1.0,0,1997-05-01,22.0,301.0,CA,mg,CALCIUM,CA,0,1000.0,3.0,0.014
366960,368223,5557,301,14.0,0.396,18.0,0,2015-01-27,22.0,301.0,CA,mg,CALCIUM,CA,0,1000.0,3.0,0.014
164505,165027,2465,301,14.0,0.396,18.0,0,2015-01-27,22.0,301.0,CA,mg,CALCIUM,CA,0,1000.0,3.0,0.014
150556,151063,2311,301,15.0,,0.0,0,1997-05-01,22.0,301.0,CA,mg,CALCIUM,CA,0,1000.0,3.0,0.015
149864,150371,2303,301,15.0,0.771,6.0,0,2009-07-02,22.0,301.0,CA,mg,CALCIUM,CA,0,1000.0,3.0,0.015
137510,138008,2150,301,15.0,0.581,36.0,0,2009-07-02,22.0,301.0,CA,mg,CALCIUM,CA,0,1000.0,3.0,0.015
143594,144096,2224,301,15.0,,0.0,0,1997-05-01,22.0,301.0,CA,mg,CALCIUM,CA,0,1000.0,3.0,0.015
150242,150749,2307,301,15.0,0.782,36.0,0,2009-07-02,22.0,301.0,CA,mg,CALCIUM,CA,0,1000.0,3.0,0.015
507887,510276,502696,301,15.0,4.378,13.0,0,2015-01-16,22.0,301.0,CA,mg,CALCIUM,CA,0,1000.0,3.0,0.015
155807,156318,2373,301,15.0,,0.0,0,1997-05-01,22.0,301.0,CA,mg,CALCIUM,CA,0,1000.0,3.0,0.015
432791,434384,501731,301,15.0,0.18,46.0,0,2009-06-29,22.0,301.0,CA,mg,CALCIUM,CA,0,1000.0,3.0,0.015
165695,166218,2478,301,15.0,0.182,46.0,0,2009-07-02,22.0,301.0,CA,mg,CALCIUM,CA,0,1000.0,3.0,0.015
124798,125295,1992,301,15.0,0.326,166.0,0,2009-07-02,22.0,301.0,CA,mg,CALCIUM,CA,0,1000.0,3.0,0.015
167407,167931,2498,301,15.0,0.196,18.0,0,2015-01-27,22.0,301.0,CA,mg,CALCIUM,CA,0,1000.0,3.0,0.015
464371,466262,502136,301,15.0,,2.0,0,2011-08-09,22.0,301.0,CA,mg,CALCIUM,CA,0,1000.0,3.0,0.015
162427,162945,2442,301,15.0,,0.0,0,1997-05-01,22.0,301.0,CA,mg,CALCIUM,CA,0,1000.0,3.0,0.015
167582,168106,2500,301,16.0,1.81,5.0,0,1997-05-01,22.0,301.0,CA,mg,CALCIUM,CA,0,1000.0,3.0,0.016
132898,133396,2091,301,16.0,,3.0,0,2004-03-31,22.0,301.0,CA,mg,CALCIUM,CA,0,1000.0,3.0,0.016
133616,134114,2101,301,16.0,,1.0,0,1997-05-01,22.0,301.0,CA,mg,CALCIUM,CA,0,1000.0,3.0,0.016
129164,129662,2045,301,16.0,,2.0,0,2001-03-22,22.0,301.0,CA,mg,CALCIUM,CA,0,1000.0,3.0,0.016
126460,126958,2012,301,16.0,,0.0,0,1997-05-01,22.0,301.0,CA,mg,CALCIUM,CA,0,1000.0,3.0,0.016
129261,129759,2046,301,16.0,0.457,27.0,0,2009-07-02,22.0,301.0,CA,mg,CALCIUM,CA,0,1000.0,3.0,0.016
144475,144978,2234,301,16.0,0.694,27.0,0,2009-07-02,22.0,301.0,CA,mg,CALCIUM,CA,0,1000.0,3.0,0.016
138654,139152,2164,301,16.0,,1.0,0,1997-05-01,22.0,301.0,CA,mg,CALCIUM,CA,0,1000.0,3.0,0.016
167680,168204,2501,301,16.0,,0.0,0,1997-05-01,22.0,301.0,CA,mg,CALCIUM,CA,0,1000.0,3.0,0.016
144091,144594,2229,301,17.0,0.616,18.0,0,2009-07-02,22.0,301.0,CA,mg,CALCIUM,CA,0,1000.0,3.0,0.017
436568,438168,501785,301,17.0,,0.0,0,2009-06-29,22.0,301.0,CA,mg,CALCIUM,CA,0,1000.0,3.0,0.017
143999,144502,2228,301,17.0,,0.0,0,1997-05-01,22.0,301.0,CA,mg,CALCIUM,CA,0,1000.0,3.0,0.017
144240,144743,2231,301,17.0,,0.0,0,1997-05-01,22.0,301.0,CA,mg,CALCIUM,CA,0,1000.0,3.0,0.017
125485,125983,2001,301,17.0,,1.0,0,1997-05-01,22.0,301.0,CA,mg,CALCIUM,CA,0,1000.0,3.0,0.017
146610,147113,2261,301,17.0,0.626,54.0,0,2009-07-02,22.0,301.0,CA,mg,CALCIUM,CA,0,1000.0,3.0,0.017
141234,141734,2197,301,17.0,,1.0,0,1997-05-01,22.0,301.0,CA,mg,CALCIUM,CA,0,1000.0,3.0,0.017
148387,148894,2283,301,17.0,4.934,6.0,0,2009-07-02,22.0,301.0,CA,mg,CALCIUM,CA,0,1000.0,3.0,0.017
129914,130412,2054,301,17.0,0.748,3.0,0,2009-07-02,22.0,301.0,CA,mg,CALCIUM,CA,0,1000.0,3.0,0.017
150337,150844,2308,301,17.0,1.307,29.0,0,2009-07-02,22.0,301.0,CA,mg,CALCIUM,CA,0,1000.0,3.0,0.017
161417,161933,2431,301,17.0,0.867,9.0,0,2015-01-16,22.0,301.0,CA,mg,CALCIUM,CA,0,1000.0,3.0,0.017
150410,150917,2309,301,17.0,1.496,5.0,0,2009-07-02,22.0,301.0,CA,mg,CALCIUM,CA,0,1000.0,3.0,0.017
136591,137089,2140,301,17.0,0.932,16.0,0,2009-07-02,22.0,301.0,CA,mg,CALCIUM,CA,0,1000.0,3.0,0.017
163615,164136,2456,301,17.0,,0.0,0,1997-05-01,22.0,301.0,CA,mg,CALCIUM,CA,0,1000.0,3.0,0.017
138084,138582,2157,301,17.0,0.78,4.0,0,1997-05-01,22.0,301.0,CA,mg,CALCIUM,CA,0,1000.0,3.0,0.017
378382,379667,5706,301,18.0,1.678,8.0,0,2009-06-19,22.0,301.0,CA,mg,CALCIUM,CA,0,1000.0,3.0,0.018
143321,143823,2221,301,18.0,0.232,6.0,0,2009-07-02,22.0,301.0,CA,mg,CALCIUM,CA,0,1000.0,3.0,0.018
158376,158890,2398,301,18.0,0.43,98.0,0,2005-04-05,22.0,301.0,CA,mg,CALCIUM,CA,0,1000.0,3.0,0.018
143808,144311,2226,301,18.0,0.782,4.0,0,2010-03-22,22.0,301.0,CA,mg,CALCIUM,CA,0,1000.0,3.0,0.018
143906,144409,2227,301,18.0,1.216,12.0,0,2009-07-02,22.0,301.0,CA,mg,CALCIUM,CA,0,1000.0,3.0,0.018
162724,163242,2445,301,18.0,,1.0,0,2013-09-03,22.0,301.0,CA,mg,CALCIUM,CA,0,1000.0,3.0,0.018
437285,438886,501794,301,18.0,,1.0,0,2009-06-29,22.0,301.0,CA,mg,CALCIUM,CA,0,1000.0,3.0,0.018
434382,435978,501752,301,18.0,,1.0,0,2013-09-03,22.0,301.0,CA,mg,CALCIUM,CA,0,1000.0,3.0,0.018
145706,146209,2248,301,18.0,,1.0,0,1997-05-01,22.0,301.0,CA,mg,CALCIUM,CA,0,1000.0,3.0,0.018
338919,340022,4974,301,18.0,,1.0,0,2000-12-28,22.0,301.0,CA,mg,CALCIUM,CA,0,1000.0,3.0,0.018
424423,425999,501603,301,18.0,,0.0,0,2009-06-29,22.0,301.0,CA,mg,CALCIUM,CA,0,1000.0,3.0,0.018
148053,148560,2278,301,18.0,,0.0,0,1997-05-01,22.0,301.0,CA,mg,CALCIUM,CA,0,1000.0,3.0,0.018
144167,144670,2230,301,18.0,,0.0,0,1997-05-01,22.0,301.0,CA,mg,CALCIUM,CA,0,1000.0,3.0,0.018
369829,371094,5599,301,18.0,,0.0,0,2004-03-24,22.0,301.0,CA,mg,CALCIUM,CA,0,1000.0,3.0,0.018
151536,152046,2322,301,18.0,,2.0,0,1997-05-01,22.0,301.0,CA,mg,CALCIUM,CA,0,1000.0,3.0,0.018
127094,127592,2020,301,18.0,0.506,67.0,0,2009-07-02,22.0,301.0,CA,mg,CALCIUM,CA,0,1000.0,3.0,0.018
127458,127956,2024,301,18.0,,0.0,0,1997-05-01,22.0,301.0,CA,mg,CALCIUM,CA,0,1000.0,3.0,0.018
137064,137562,2145,301,18.0,,0.0,0,1997-05-01,22.0,301.0,CA,mg,CALCIUM,CA,0,1000.0,3.0,0.018
124974,125472,1994,301,18.0,0.686,38.0,0,2009-07-02,22.0,301.0,CA,mg,CALCIUM,CA,0,1000.0,3.0,0.018
125573,126071,2002,301,19.0,,0.0,0,1997-05-01,22.0,301.0,CA,mg,CALCIUM,CA,0,1000.0,3.0,0.019
125191,125689,1997,301,19.0,,1.0,0,1997-05-01,22.0,301.0,CA,mg,CALCIUM,CA,0,1000.0,3.0,0.019
153344,153855,2345,301,19.0,,2.0,0,1997-05-01,22.0,301.0,CA,mg,CALCIUM,CA,0,1000.0,3.0,0.019
140472,140972,2187,301,19.0,,0.0,0,1997-05-01,22.0,301.0,CA,mg,CALCIUM,CA,0,1000.0,3.0,0.019
143503,144005,2223,301,19.0,,1.0,0,1997-05-01,22.0,301.0,CA,mg,CALCIUM,CA,0,1000.0,3.0,0.019
140327,140827,2185,301,19.0,3.374,5.0,0,1997-05-01,22.0,301.0,CA,mg,CALCIUM,CA,0,1000.0,3.0,0.019
141971,142471,2206,301,19.0,,1.0,0,1997-05-01,22.0,301.0,CA,mg,CALCIUM,CA,0,1000.0,3.0,0.019
423219,424791,501586,301,19.0,,0.0,0,2009-06-29,22.0,301.0,CA,mg,CALCIUM,CA,0,1000.0,3.0,0.019
163446,163967,2454,301,19.0,,0.0,0,1997-05-01,22.0,301.0,CA,mg,CALCIUM,CA,0,1000.0,3.0,0.019
147998,148505,2277,301,19.0,,0.0,0,1997-05-01,22.0,301.0,CA,mg,CALCIUM,CA,0,1000.0,3.0,0.019
124428,124925,1988,301,19.0,2.068,4.0,0,2009-07-02,22.0,301.0,CA,mg,CALCIUM,CA,0,1000.0,3.0,0.019
146258,146761,2257,301,20.0,,1.0,0,1997-05-01,22.0,301.0,CA,mg,CALCIUM,CA,0,1000.0,3.0,0.02
137412,137910,2149,301,20.0,0.408,86.0,0,2013-05-22,22.0,301.0,CA,mg,CALCIUM,CA,0,1000.0,3.0,0.02
357663,358883,5414,301,20.0,2.057,8.0,0,2009-06-19,22.0,301.0,CA,mg,CALCIUM,CA,0,1000.0,3.0,0.02
140082,140582,2182,301,20.0,5.204,4.0,0,2009-07-02,22.0,301.0,CA,mg,CALCIUM,CA,0,1000.0,3.0,0.02
149156,149663,2294,301,20.0,,1.0,0,1997-05-01,22.0,301.0,CA,mg,CALCIUM,CA,0,1000.0,3.0,0.02
133113,133611,2094,301,20.0,,1.0,0,1997-05-01,22.0,301.0,CA,mg,CALCIUM,CA,0,1000.0,3.0,0.02
143409,143911,2222,301,20.0,1.221,6.0,0,2009-07-02,22.0,301.0,CA,mg,CALCIUM,CA,0,1000.0,3.0,0.02
162332,162850,2441,301,21.0,,0.0,0,1997-05-01,22.0,301.0,CA,mg,CALCIUM,CA,0,1000.0,3.0,0.021
368239,369503,5574,301,21.0,,0.0,0,2008-06-06,22.0,301.0,CA,mg,CALCIUM,CA,0,1000.0,3.0,0.021
139027,139525,2169,301,21.0,,0.0,0,2010-03-22,22.0,301.0,CA,mg,CALCIUM,CA,0,1000.0,3.0,0.021
153431,153942,2346,301,21.0,,2.0,0,1997-05-01,22.0,301.0,CA,mg,CALCIUM,CA,0,1000.0,3.0,0.021
151943,152453,2327,301,21.0,,1.0,0,2009-07-02,22.0,301.0,CA,mg,CALCIUM,CA,0,1000.0,3.0,0.021
147410,147914,2270,301,21.0,1.55,56.0,0,1997-05-01,22.0,301.0,CA,mg,CALCIUM,CA,0,1000.0,3.0,0.021
163882,164403,2459,301,21.0,2.5,3.0,0,1997-05-01,22.0,301.0,CA,mg,CALCIUM,CA,0,1000.0,3.0,0.021
155068,155579,2365,301,21.0,,1.0,0,2009-07-02,22.0,301.0,CA,mg,CALCIUM,CA,0,1000.0,3.0,0.021
126810,127308,2017,301,22.0,1.003,22.0,0,2009-07-02,22.0,301.0,CA,mg,CALCIUM,CA,0,1000.0,3.0,0.022
349179,350360,5278,301,22.0,,0.0,102,2010-05-07,22.0,301.0,CA,mg,CALCIUM,CA,0,1000.0,3.0,0.022
145297,145800,2243,301,22.0,0.339,8.0,0,2009-07-02,22.0,301.0,CA,mg,CALCIUM,CA,0,1000.0,3.0,0.022
137588,138086,2151,301,22.0,1.223,90.0,0,2009-07-02,22.0,301.0,CA,mg,CALCIUM,CA,0,1000.0,3.0,0.022
157061,157573,2385,301,22.0,1.002,23.0,0,2010-03-22,22.0,301.0,CA,mg,CALCIUM,CA,0,1000.0,3.0,0.022
163143,163662,2451,301,22.0,1.713,29.0,7,2014-12-09,22.0,301.0,CA,mg,CALCIUM,CA,0,1000.0,3.0,0.022
127383,127881,2023,301,22.0,,1.0,0,1997-05-01,22.0,301.0,CA,mg,CALCIUM,CA,0,1000.0,3.0,0.022
142020,142520,2207,301,22.0,,1.0,0,1997-05-01,22.0,301.0,CA,mg,CALCIUM,CA,0,1000.0,3.0,0.022
158808,159322,2402,301,22.0,,0.0,0,1997-05-01,22.0,301.0,CA,mg,CALCIUM,CA,0,1000.0,3.0,0.022
150147,150654,2306,301,22.0,4.505,3.0,0,2009-07-02,22.0,301.0,CA,mg,CALCIUM,CA,0,1000.0,3.0,0.022
143131,143633,2219,301,22.0,0.937,30.0,0,2010-03-22,22.0,301.0,CA,mg,CALCIUM,CA,0,1000.0,3.0,0.022
422591,424163,501578,301,23.0,0.86,4.0,0,2009-06-29,22.0,301.0,CA,mg,CALCIUM,CA,0,1000.0,3.0,0.023
137991,138489,2156,301,23.0,,0.0,0,1997-05-01,22.0,301.0,CA,mg,CALCIUM,CA,0,1000.0,3.0,0.023
131837,132335,2077,301,23.0,,0.0,0,1997-05-01,22.0,301.0,CA,mg,CALCIUM,CA,0,1000.0,3.0,0.023
165039,165561,2471,301,23.0,,1.0,0,1997-05-01,22.0,301.0,CA,mg,CALCIUM,CA,0,1000.0,3.0,0.023
165596,166119,2477,301,23.0,1.399,3.0,0,2009-07-02,22.0,301.0,CA,mg,CALCIUM,CA,0,1000.0,3.0,0.023
138157,138655,2158,301,23.0,,2.0,0,1997-05-01,22.0,301.0,CA,mg,CALCIUM,CA,0,1000.0,3.0,0.023
124688,125185,1991,301,23.0,0.866,4.0,0,2009-07-02,22.0,301.0,CA,mg,CALCIUM,CA,0,1000.0,3.0,0.023
158691,159205,2401,301,23.0,0.568,89.0,0,2009-07-02,22.0,301.0,CA,mg,CALCIUM,CA,0,1000.0,3.0,0.023
159663,160178,2411,301,23.0,1.104,9.0,0,2013-05-22,22.0,301.0,CA,mg,CALCIUM,CA,0,1000.0,3.0,0.023
137826,138324,2154,301,23.0,0.475,164.0,0,2009-07-02,22.0,301.0,CA,mg,CALCIUM,CA,0,1000.0,3.0,0.023
163800,164321,2458,301,23.0,2.1,3.0,0,1997-05-01,22.0,301.0,CA,mg,CALCIUM,CA,0,1000.0,3.0,0.023
150794,151302,2314,301,24.0,,0.0,0,2009-07-02,22.0,301.0,CA,mg,CALCIUM,CA,0,1000.0,3.0,0.024
150628,151135,2312,301,24.0,,0.0,0,1997-05-01,22.0,301.0,CA,mg,CALCIUM,CA,0,1000.0,3.0,0.024
349043,350223,5277,301,24.0,,0.0,102,2010-05-07,22.0,301.0,CA,mg,CALCIUM,CA,0,1000.0,3.0,0.024
125926,126424,2006,301,24.0,1.258,22.0,0,2009-07-02,22.0,301.0,CA,mg,CALCIUM,CA,0,1000.0,3.0,0.024
159770,160285,2412,301,24.0,0.765,47.0,0,2009-07-02,22.0,301.0,CA,mg,CALCIUM,CA,0,1000.0,3.0,0.024
167775,168299,2502,301,24.0,,2.0,0,2001-02-21,22.0,301.0,CA,mg,CALCIUM,CA,0,1000.0,3.0,0.024
441412,443037,501840,301,24.0,,,102,2009-05-08,22.0,301.0,CA,mg,CALCIUM,CA,0,1000.0,3.0,0.024
475646,477629,502255,301,24.0,1.693,4.0,0,2013-05-22,22.0,301.0,CA,mg,CALCIUM,CA,0,1000.0,3.0,0.024
133052,133550,2093,301,24.0,,1.0,0,1997-05-01,22.0,301.0,CA,mg,CALCIUM,CA,0,1000.0,3.0,0.024
152531,153041,2336,301,24.0,,0.0,0,2009-07-02,22.0,301.0,CA,mg,CALCIUM,CA,0,1000.0,3.0,0.024
423567,425139,501591,301,24.0,0.22,1032.0,0,2009-06-29,22.0,301.0,CA,mg,CALCIUM,CA,0,1000.0,3.0,0.024
349314,350496,5279,301,25.0,,0.0,102,2010-05-07,22.0,301.0,CA,mg,CALCIUM,CA,0,1000.0,3.0,0.025
156750,157262,2382,301,25.0,0.353,6.0,0,2009-07-02,22.0,301.0,CA,mg,CALCIUM,CA,0,1000.0,3.0,0.025
159451,159966,2409,301,25.0,2.027,8.0,0,2009-07-02,22.0,301.0,CA,mg,CALCIUM,CA,0,1000.0,3.0,0.025
416243,417771,6263,301,25.0,,1.0,0,2006-11-30,22.0,301.0,CA,mg,CALCIUM,CA,0,1000.0,3.0,0.025
162529,163047,2443,301,25.0,1.676,26.0,0,2009-07-02,22.0,301.0,CA,mg,CALCIUM,CA,0,1000.0,3.0,0.025
134289,134787,2110,301,25.0,,0.0,0,1997-05-01,22.0,301.0,CA,mg,CALCIUM,CA,0,1000.0,3.0,0.025
147496,148000,2271,301,25.0,0.712,36.0,0,2009-07-02,22.0,301.0,CA,mg,CALCIUM,CA,0,1000.0,3.0,0.025
139887,140387,2179,301,25.0,,1.0,0,1997-05-01,22.0,301.0,CA,mg,CALCIUM,CA,0,1000.0,3.0,0.025
147584,148088,2272,301,25.0,,0.0,0,1997-05-01,22.0,301.0,CA,mg,CALCIUM,CA,0,1000.0,3.0,0.025
124885,125383,1993,301,25.0,1.428,43.0,0,2009-07-02,22.0,301.0,CA,mg,CALCIUM,CA,0,1000.0,3.0,0.025
438796,440398,501815,301,25.0,,0.0,0,2009-06-29,22.0,301.0,CA,mg,CALCIUM,CA,0,1000.0,3.0,0.025
127707,128205,2027,301,26.0,1.312,36.0,0,2009-07-02,22.0,301.0,CA,mg,CALCIUM,CA,0,1000.0,3.0,0.026
151005,151514,2316,301,26.0,,0.0,0,2013-09-03,22.0,301.0,CA,mg,CALCIUM,CA,0,1000.0,3.0,0.026
151105,151615,2317,301,26.0,,0.0,0,1997-05-01,22.0,301.0,CA,mg,CALCIUM,CA,0,1000.0,3.0,0.026
135067,135565,2119,301,26.0,,1.0,0,1997-05-01,22.0,301.0,CA,mg,CALCIUM,CA,0,1000.0,3.0,0.026
129627,130125,2050,301,26.0,,0.0,0,1997-05-01,22.0,301.0,CA,mg,CALCIUM,CA,0,1000.0,3.0,0.026
140828,141328,2192,301,26.0,2.173,111.0,0,2009-07-02,22.0,301.0,CA,mg,CALCIUM,CA,0,1000.0,3.0,0.026
131757,132255,2076,301,26.0,2.998,22.0,0,2009-07-02,22.0,301.0,CA,mg,CALCIUM,CA,0,1000.0,3.0,0.026
163055,163574,2450,301,26.0,,0.0,0,1997-05-01,22.0,301.0,CA,mg,CALCIUM,CA,0,1000.0,3.0,0.026
137756,138254,2153,301,26.0,,0.0,0,1997-05-01,22.0,301.0,CA,mg,CALCIUM,CA,0,1000.0,3.0,0.026
127787,128285,2028,301,26.0,0.883,18.0,0,2009-07-02,22.0,301.0,CA,mg,CALCIUM,CA,0,1000.0,3.0,0.026
132992,133490,2092,301,26.0,,1.0,0,1997-05-01,22.0,301.0,CA,mg,CALCIUM,CA,0,1000.0,3.0,0.026
145185,145688,2242,301,27.0,6.688,4.0,0,2009-07-02,22.0,301.0,CA,mg,CALCIUM,CA,0,1000.0,3.0,0.027
137903,138401,2155,301,27.0,0.878,34.0,0,2009-07-02,22.0,301.0,CA,mg,CALCIUM,CA,0,1000.0,3.0,0.027
161002,161517,2426,301,27.0,3.972,16.0,0,2009-07-02,22.0,301.0,CA,mg,CALCIUM,CA,0,1000.0,3.0,0.027
149958,150465,2304,301,27.0,1.248,6.0,0,2009-07-02,22.0,301.0,CA,mg,CALCIUM,CA,0,1000.0,3.0,0.027
493781,495984,502490,301,27.0,3.015,4.0,0,2015-01-16,22.0,301.0,CA,mg,CALCIUM,CA,0,1000.0,3.0,0.027
165334,165857,2474,301,27.0,,0.0,0,1997-05-01,22.0,301.0,CA,mg,CALCIUM,CA,0,1000.0,3.0,0.027
159557,160072,2410,301,27.0,0.969,12.0,0,2009-07-02,22.0,301.0,CA,mg,CALCIUM,CA,0,1000.0,3.0,0.027
155426,155937,2369,301,28.0,1.613,6.0,0,2009-07-02,22.0,301.0,CA,mg,CALCIUM,CA,0,1000.0,3.0,0.028
366103,367362,5547,301,28.0,,1.0,0,2008-06-06,22.0,301.0,CA,mg,CALCIUM,CA,0,1000.0,3.0,0.028
125836,126334,2005,301,28.0,0.908,115.0,0,2009-07-02,22.0,301.0,CA,mg,CALCIUM,CA,0,1000.0,3.0,0.028
150053,150560,2305,301,28.0,2.299,5.0,0,2009-07-02,22.0,301.0,CA,mg,CALCIUM,CA,0,1000.0,3.0,0.028
163352,163873,2453,301,29.0,,0.0,0,1997-05-01,22.0,301.0,CA,mg,CALCIUM,CA,0,1000.0,3.0,0.029
336382,337477,4882,301,29.0,,2.0,0,2000-12-20,22.0,301.0,CA,mg,CALCIUM,CA,0,1000.0,3.0,0.029
126638,127136,2015,301,29.0,1.383,12.0,0,2009-07-02,22.0,301.0,CA,mg,CALCIUM,CA,0,1000.0,3.0,0.029
126716,127214,2016,301,29.0,0.921,53.0,0,2013-05-22,22.0,301.0,CA,mg,CALCIUM,CA,0,1000.0,3.0,0.029
144951,145454,2240,301,30.0,4.632,3.0,0,2009-07-02,22.0,301.0,CA,mg,CALCIUM,CA,0,1000.0,3.0,0.03
429688,431275,501673,301,30.0,0.75,47.0,0,2009-06-29,22.0,301.0,CA,mg,CALCIUM,CA,0,1000.0,3.0,0.03
145392,145895,2244,301,30.0,0.895,4.0,0,2009-07-02,22.0,301.0,CA,mg,CALCIUM,CA,0,1000.0,3.0,0.03
164945,165467,2470,301,30.0,,1.0,0,1997-05-01,22.0,301.0,CA,mg,CALCIUM,CA,0,1000.0,3.0,0.03
368697,369961,5582,301,30.0,,1.0,0,2008-06-06,22.0,301.0,CA,mg,CALCIUM,CA,0,1000.0,3.0,0.03
149109,149616,2293,301,30.0,,0.0,0,1997-05-01,22.0,301.0,CA,mg,CALCIUM,CA,0,1000.0,3.0,0.03
126028,126526,2007,301,30.0,0.755,47.0,0,2009-07-02,22.0,301.0,CA,mg,CALCIUM,CA,0,1000.0,3.0,0.03
156641,157153,2381,301,30.0,1.157,4.0,0,2009-07-02,22.0,301.0,CA,mg,CALCIUM,CA,0,1000.0,3.0,0.03
128500,128998,2037,301,30.0,,0.0,0,1997-05-01,22.0,301.0,CA,mg,CALCIUM,CA,0,1000.0,3.0,0.03
160342,160857,2418,301,30.0,8.986,6.0,0,2009-07-02,22.0,301.0,CA,mg,CALCIUM,CA,0,1000.0,3.0,0.03
158291,158805,2397,301,30.0,,0.0,0,1997-05-01,22.0,301.0,CA,mg,CALCIUM,CA,0,1000.0,3.0,0.03
148313,148820,2282,301,30.0,,1.0,0,1997-05-01,22.0,301.0,CA,mg,CALCIUM,CA,0,1000.0,3.0,0.03
441002,442623,501835,301,31.0,,,102,2010-04-16,22.0,301.0,CA,mg,CALCIUM,CA,0,1000.0,3.0,0.031
158988,159502,2404,301,31.0,2.851,11.0,0,2015-01-16,22.0,301.0,CA,mg,CALCIUM,CA,0,1000.0,3.0,0.031
154592,155103,2360,301,32.0,,0.0,0,1997-05-01,22.0,301.0,CA,mg,CALCIUM,CA,0,1000.0,3.0,0.032
161102,161617,2427,301,32.0,,0.0,0,2009-07-02,22.0,301.0,CA,mg,CALCIUM,CA,0,1000.0,3.0,0.032
337118,338215,4906,301,32.0,,2.0,0,2000-12-22,22.0,301.0,CA,mg,CALCIUM,CA,0,1000.0,3.0,0.032
154515,155026,2359,301,32.0,,0.0,0,1997-05-01,22.0,301.0,CA,mg,CALCIUM,CA,0,1000.0,3.0,0.032
128870,129368,2041,301,32.0,,0.0,0,1997-05-01,22.0,301.0,CA,mg,CALCIUM,CA,0,1000.0,3.0,0.032
153984,154495,2353,301,32.0,1.293,8.0,0,2009-07-02,22.0,301.0,CA,mg,CALCIUM,CA,0,1000.0,3.0,0.032
151709,152219,2324,301,32.0,,0.0,0,2009-07-02,22.0,301.0,CA,mg,CALCIUM,CA,0,1000.0,3.0,0.032
125741,126239,2004,301,32.0,1.15,12.0,0,1997-05-01,22.0,301.0,CA,mg,CALCIUM,CA,0,1000.0,3.0,0.032
139947,140447,2180,301,33.0,,0.0,0,1997-05-01,22.0,301.0,CA,mg,CALCIUM,CA,0,1000.0,3.0,0.033
164193,164714,2462,301,33.0,8.7,18.0,0,2015-01-27,22.0,301.0,CA,mg,CALCIUM,CA,0,1000.0,3.0,0.033
144862,145365,2239,301,33.0,,1.0,0,2013-09-03,22.0,301.0,CA,mg,CALCIUM,CA,0,1000.0,3.0,0.033
156525,157036,2380,301,33.0,1.12,75.0,0,2004-03-31,22.0,301.0,CA,mg,CALCIUM,CA,0,1000.0,3.0,0.033
357475,358693,5412,301,33.0,2.597,8.0,0,2009-06-19,22.0,301.0,CA,mg,CALCIUM,CA,0,1000.0,3.0,0.033
146690,147193,2262,301,33.0,1.257,18.0,0,2009-07-02,22.0,301.0,CA,mg,CALCIUM,CA,0,1000.0,3.0,0.033
134782,135280,2116,301,33.0,0.733,11.0,0,2009-07-02,22.0,301.0,CA,mg,CALCIUM,CA,0,1000.0,3.0,0.033
154424,154935,2358,301,33.0,1.409,6.0,0,2009-07-02,22.0,301.0,CA,mg,CALCIUM,CA,0,1000.0,3.0,0.033
432967,434560,501733,301,34.0,9.77,6.0,0,2009-06-29,22.0,301.0,CA,mg,CALCIUM,CA,0,1000.0,3.0,0.034
329836,330908,4736,301,34.0,3.889,31.0,0,2009-06-19,22.0,301.0,CA,mg,CALCIUM,CA,0,1000.0,3.0,0.034
160496,161011,2420,301,34.0,9.77,6.0,0,1997-05-01,22.0,301.0,CA,mg,CALCIUM,CA,0,1000.0,3.0,0.034
125645,126143,2003,301,34.0,,10.0,0,1997-05-01,22.0,301.0,CA,mg,CALCIUM,CA,0,1000.0,3.0,0.034
441093,442715,501836,301,34.0,,,102,2009-05-08,22.0,301.0,CA,mg,CALCIUM,CA,0,1000.0,3.0,0.034
164296,164817,2463,301,34.0,2.259,40.0,0,2009-07-02,22.0,301.0,CA,mg,CALCIUM,CA,0,1000.0,3.0,0.034
139657,140156,2176,301,35.0,,0.0,0,2010-03-22,22.0,301.0,CA,mg,CALCIUM,CA,0,1000.0,3.0,0.035
409400,410877,6184,301,35.0,,,4,2006-11-17,22.0,301.0,CA,mg,CALCIUM,CA,0,1000.0,3.0,0.035
155336,155847,2368,301,35.0,1.184,66.0,0,2009-07-02,22.0,301.0,CA,mg,CALCIUM,CA,0,1000.0,3.0,0.035
139474,139973,2174,301,35.0,,0.0,0,1997-05-01,22.0,301.0,CA,mg,CALCIUM,CA,0,1000.0,3.0,0.035
156953,157465,2384,301,35.0,0.769,3.0,0,2009-07-02,22.0,301.0,CA,mg,CALCIUM,CA,0,1000.0,3.0,0.035
145536,146039,2246,301,35.0,3.358,6.0,0,2009-07-02,22.0,301.0,CA,mg,CALCIUM,CA,0,1000.0,3.0,0.035
437808,439410,501801,301,36.0,1.62,30.0,0,2009-06-29,22.0,301.0,CA,mg,CALCIUM,CA,0,1000.0,3.0,0.036
482076,484116,502351,301,36.0,,1.0,0,2013-09-03,22.0,301.0,CA,mg,CALCIUM,CA,0,1000.0,3.0,0.036
335075,336170,4861,301,36.0,,2.0,0,2000-12-20,22.0,301.0,CA,mg,CALCIUM,CA,0,1000.0,3.0,0.036
156851,157363,2383,301,36.0,0.793,5.0,0,2009-07-02,22.0,301.0,CA,mg,CALCIUM,CA,0,1000.0,3.0,0.036
151631,152141,2323,301,36.0,,0.0,0,1997-05-01,22.0,301.0,CA,mg,CALCIUM,CA,0,1000.0,3.0,0.036
137687,138185,2152,301,36.0,2.776,4.0,0,2009-07-02,22.0,301.0,CA,mg,CALCIUM,CA,0,1000.0,3.0,0.036
159210,159725,2406,301,36.0,,2.0,0,1997-05-01,22.0,301.0,CA,mg,CALCIUM,CA,0,1000.0,3.0,0.036
146325,146828,2258,301,36.0,1.62,30.0,0,2004-03-31,22.0,301.0,CA,mg,CALCIUM,CA,0,1000.0,3.0,0.036
134888,135386,2117,301,36.0,2.118,8.0,0,2009-07-02,22.0,301.0,CA,mg,CALCIUM,CA,0,1000.0,3.0,0.036
156427,156938,2379,301,36.0,,0.0,0,1997-05-01,22.0,301.0,CA,mg,CALCIUM,CA,0,1000.0,3.0,0.036
140921,141421,2193,301,37.0,1.776,15.0,0,2009-07-02,22.0,301.0,CA,mg,CALCIUM,CA,0,1000.0,3.0,0.037
159272,159787,2407,301,37.0,,0.0,0,1997-05-01,22.0,301.0,CA,mg,CALCIUM,CA,0,1000.0,3.0,0.037
140599,141099,2189,301,37.0,,0.0,0,1997-05-01,22.0,301.0,CA,mg,CALCIUM,CA,0,1000.0,3.0,0.037
164695,165217,2467,301,37.0,1.124,56.0,0,2009-07-02,22.0,301.0,CA,mg,CALCIUM,CA,0,1000.0,3.0,0.037
431230,432823,501692,301,37.0,,0.0,0,2009-06-29,22.0,301.0,CA,mg,CALCIUM,CA,0,1000.0,3.0,0.037
334500,335594,4854,301,37.0,,2.0,0,2000-12-20,22.0,301.0,CA,mg,CALCIUM,CA,0,1000.0,3.0,0.037
155529,156040,2370,301,37.0,1.369,153.0,0,2010-03-22,22.0,301.0,CA,mg,CALCIUM,CA,0,1000.0,3.0,0.037
145464,145967,2245,301,37.0,2.725,6.0,0,2009-07-02,22.0,301.0,CA,mg,CALCIUM,CA,0,1000.0,3.0,0.037
151852,152362,2326,301,37.0,,0.0,0,1997-05-01,22.0,301.0,CA,mg,CALCIUM,CA,0,1000.0,3.0,0.037
145068,145571,2241,301,38.0,2.126,67.0,0,2009-07-02,22.0,301.0,CA,mg,CALCIUM,CA,0,1000.0,3.0,0.038
155728,156239,2372,301,38.0,1.027,4.0,0,2015-01-27,22.0,301.0,CA,mg,CALCIUM,CA,0,1000.0,3.0,0.038
131528,132026,2073,301,38.0,,0.0,0,1997-05-01,22.0,301.0,CA,mg,CALCIUM,CA,0,1000.0,3.0,0.038
148995,149502,2291,301,38.0,,0.0,0,1997-05-01,22.0,301.0,CA,mg,CALCIUM,CA,0,1000.0,3.0,0.038
140547,141047,2188,301,39.0,,0.0,0,1997-05-01,22.0,301.0,CA,mg,CALCIUM,CA,0,1000.0,3.0,0.039
493797,496001,502491,301,39.0,,1.0,0,2015-01-16,22.0,301.0,CA,mg,CALCIUM,CA,0,1000.0,3.0,0.039
150703,151210,2313,301,39.0,,0.0,0,2010-03-22,22.0,301.0,CA,mg,CALCIUM,CA,0,1000.0,3.0,0.039
139287,139786,2172,301,39.0,2.487,65.0,0,2009-07-02,22.0,301.0,CA,mg,CALCIUM,CA,0,1000.0,3.0,0.039
140671,141171,2190,301,39.0,,0.0,0,1997-05-01,22.0,301.0,CA,mg,CALCIUM,CA,0,1000.0,3.0,0.039
157185,157698,2386,301,40.0,1.639,55.0,0,2009-07-02,22.0,301.0,CA,mg,CALCIUM,CA,0,1000.0,3.0,0.04
441244,442868,501838,301,40.0,,,102,2011-04-07,22.0,301.0,CA,mg,CALCIUM,CA,0,1000.0,3.0,0.04
165878,166401,2480,301,40.0,3.918,4.0,0,2009-07-02,22.0,301.0,CA,mg,CALCIUM,CA,0,1000.0,3.0,0.04
156027,156538,2375,301,40.0,3.918,4.0,0,2009-07-02,22.0,301.0,CA,mg,CALCIUM,CA,0,1000.0,3.0,0.04
127874,128372,2029,301,41.0,,1.0,0,1997-05-01,22.0,301.0,CA,mg,CALCIUM,CA,0,1000.0,3.0,0.041
127534,128032,2025,301,41.0,2.305,49.0,0,2009-07-02,22.0,301.0,CA,mg,CALCIUM,CA,0,1000.0,3.0,0.041
138576,139074,2163,301,41.0,,0.0,0,1997-05-01,22.0,301.0,CA,mg,CALCIUM,CA,0,1000.0,3.0,0.041
139381,139880,2173,301,41.0,7.777,17.0,0,2009-07-02,22.0,301.0,CA,mg,CALCIUM,CA,0,1000.0,3.0,0.041
138422,138920,2161,301,41.0,,2.0,0,1997-05-01,22.0,301.0,CA,mg,CALCIUM,CA,0,1000.0,3.0,0.041
163269,163790,2452,301,41.0,,0.0,0,1997-05-01,22.0,301.0,CA,mg,CALCIUM,CA,0,1000.0,3.0,0.041
130225,130723,2058,301,41.0,,1.0,0,1997-05-01,22.0,301.0,CA,mg,CALCIUM,CA,0,1000.0,3.0,0.041
428908,430495,501663,301,41.0,,1.0,0,2009-06-29,22.0,301.0,CA,mg,CALCIUM,CA,0,1000.0,3.0,0.041
432599,434192,501708,301,41.0,,0.0,0,2009-06-29,22.0,301.0,CA,mg,CALCIUM,CA,0,1000.0,3.0,0.041
133466,133964,2099,301,41.0,,1.0,0,1997-05-01,22.0,301.0,CA,mg,CALCIUM,CA,0,1000.0,3.0,0.041
417878,419416,6298,301,41.0,,,102,2007-06-29,22.0,301.0,CA,mg,CALCIUM,CA,0,1000.0,3.0,0.041
137138,137636,2146,301,42.0,,1.0,0,1997-05-01,22.0,301.0,CA,mg,CALCIUM,CA,0,1000.0,3.0,0.042
126991,127489,2019,301,42.0,2.588,40.0,0,2009-07-02,22.0,301.0,CA,mg,CALCIUM,CA,0,1000.0,3.0,0.042
126893,127391,2018,301,42.0,1.413,102.0,0,2009-07-02,22.0,301.0,CA,mg,CALCIUM,CA,0,1000.0,3.0,0.042
138498,138996,2162,301,42.0,,0.0,0,1997-05-01,22.0,301.0,CA,mg,CALCIUM,CA,0,1000.0,3.0,0.042
157291,157804,2387,301,42.0,,0.0,0,1997-05-01,22.0,301.0,CA,mg,CALCIUM,CA,0,1000.0,3.0,0.042
128306,128804,2035,301,42.0,2.941,3.0,0,2009-07-02,22.0,301.0,CA,mg,CALCIUM,CA,0,1000.0,3.0,0.042
125116,125614,1996,301,42.0,,0.0,0,1997-05-01,22.0,301.0,CA,mg,CALCIUM,CA,0,1000.0,3.0,0.042
464415,466306,502137,301,43.0,11.483,4.0,0,2011-08-09,22.0,301.0,CA,mg,CALCIUM,CA,0,1000.0,3.0,0.043
162639,163157,2444,301,43.0,,3.0,0,2013-09-03,22.0,301.0,CA,mg,CALCIUM,CA,0,1000.0,3.0,0.043
418080,419619,501098,301,43.0,,,10,2007-09-14,22.0,301.0,CA,mg,CALCIUM,CA,0,1000.0,3.0,0.043
150485,150992,2310,301,43.0,,2.0,0,1997-05-01,22.0,301.0,CA,mg,CALCIUM,CA,0,1000.0,3.0,0.043
433968,435563,501746,301,43.0,,1.0,0,2009-06-29,22.0,301.0,CA,mg,CALCIUM,CA,0,1000.0,3.0,0.043
140740,141240,2191,301,43.0,,1.0,0,1997-05-01,22.0,301.0,CA,mg,CALCIUM,CA,0,1000.0,3.0,0.043
145609,146112,2247,301,43.0,,2.0,0,1997-05-01,22.0,301.0,CA,mg,CALCIUM,CA,0,1000.0,3.0,0.043
148924,149431,2290,301,44.0,,1.0,0,1997-05-01,22.0,301.0,CA,mg,CALCIUM,CA,0,1000.0,3.0,0.044
162980,163499,2449,301,44.0,,0.0,0,1997-05-01,22.0,301.0,CA,mg,CALCIUM,CA,0,1000.0,3.0,0.044
155627,156138,2371,301,44.0,1.918,27.0,0,2009-07-02,22.0,301.0,CA,mg,CALCIUM,CA,0,1000.0,3.0,0.044
132116,132614,2081,301,44.0,,1.0,0,1997-05-01,22.0,301.0,CA,mg,CALCIUM,CA,0,1000.0,3.0,0.044
154993,155504,2364,301,44.0,2.801,11.0,0,2009-07-02,22.0,301.0,CA,mg,CALCIUM,CA,0,1000.0,3.0,0.044
154140,154651,2355,301,45.0,,2.0,0,1997-05-01,22.0,301.0,CA,mg,CALCIUM,CA,0,1000.0,3.0,0.045
441452,443078,501841,301,45.0,,,102,2009-05-08,22.0,301.0,CA,mg,CALCIUM,CA,0,1000.0,3.0,0.045
134987,135485,2118,301,45.0,,1.0,0,1997-05-01,22.0,301.0,CA,mg,CALCIUM,CA,0,1000.0,3.0,0.045
136497,136995,2139,301,45.0,10.584,16.0,0,2009-07-02,22.0,301.0,CA,mg,CALCIUM,CA,0,1000.0,3.0,0.045
138864,139362,2167,301,45.0,14.305,5.0,0,2009-07-02,22.0,301.0,CA,mg,CALCIUM,CA,0,1000.0,3.0,0.045
128203,128701,2034,301,45.0,1.116,4.0,0,2009-07-02,22.0,301.0,CA,mg,CALCIUM,CA,0,1000.0,3.0,0.045
160850,161365,2424,301,46.0,17.686,5.0,0,2009-07-02,22.0,301.0,CA,mg,CALCIUM,CA,0,1000.0,3.0,0.046
434762,436359,501758,301,47.0,,0.0,0,2009-06-29,22.0,301.0,CA,mg,CALCIUM,CA,0,1000.0,3.0,0.047
141476,141976,2200,301,47.0,,0.0,0,1997-05-01,22.0,301.0,CA,mg,CALCIUM,CA,0,1000.0,3.0,0.047
155911,156422,2374,301,47.0,5.13,33.0,0,2004-03-31,22.0,301.0,CA,mg,CALCIUM,CA,0,1000.0,3.0,0.047
153675,154186,2349,301,47.0,,1.0,0,1997-05-01,22.0,301.0,CA,mg,CALCIUM,CA,0,1000.0,3.0,0.047
135946,136444,2133,301,48.0,,0.0,0,1997-05-01,22.0,301.0,CA,mg,CALCIUM,CA,0,1000.0,3.0,0.048
154780,155291,2362,301,48.0,5.674,4.0,0,2009-07-02,22.0,301.0,CA,mg,CALCIUM,CA,0,1000.0,3.0,0.048
417010,418540,6280,301,48.0,2.51,28.0,0,2007-05-24,22.0,301.0,CA,mg,CALCIUM,CA,0,1000.0,3.0,0.048
416909,418439,6279,301,48.0,2.51,28.0,0,2007-05-23,22.0,301.0,CA,mg,CALCIUM,CA,0,1000.0,3.0,0.048
416803,418333,6278,301,48.0,2.51,28.0,0,2007-05-23,22.0,301.0,CA,mg,CALCIUM,CA,0,1000.0,3.0,0.048
127971,128469,2030,301,49.0,,1.0,0,1997-05-01,22.0,301.0,CA,mg,CALCIUM,CA,0,1000.0,3.0,0.049
153750,154261,2350,301,49.0,,2.0,0,1997-05-01,22.0,301.0,CA,mg,CALCIUM,CA,0,1000.0,3.0,0.049
133379,133877,2098,301,50.0,,0.0,0,1997-05-01,22.0,301.0,CA,mg,CALCIUM,CA,0,1000.0,3.0,0.05
132049,132547,2080,301,50.0,,1.0,0,1997-05-01,22.0,301.0,CA,mg,CALCIUM,CA,0,1000.0,3.0,0.05
137233,137731,2147,301,50.0,,1.0,0,1997-05-01,22.0,301.0,CA,mg,CALCIUM,CA,0,1000.0,3.0,0.05
151796,152306,2325,301,51.0,9.435,3.0,0,2009-07-02,22.0,301.0,CA,mg,CALCIUM,CA,0,1000.0,3.0,0.051
127612,128110,2026,301,51.0,4.684,6.0,0,2009-07-02,22.0,301.0,CA,mg,CALCIUM,CA,0,1000.0,3.0,0.051
129736,130234,2052,301,51.0,,1.0,0,1997-05-01,22.0,301.0,CA,mg,CALCIUM,CA,0,1000.0,3.0,0.051
357560,358779,5413,301,52.0,6.143,4.0,0,2010-03-22,22.0,301.0,CA,mg,CALCIUM,CA,0,1000.0,3.0,0.052
132802,133300,2090,301,52.0,5.78,4.0,0,1997-05-01,22.0,301.0,CA,mg,CALCIUM,CA,0,1000.0,3.0,0.052
126584,127082,2014,301,52.0,,0.0,0,1997-05-01,22.0,301.0,CA,mg,CALCIUM,CA,0,1000.0,3.0,0.052
138788,139286,2166,301,53.0,,0.0,0,1997-05-01,22.0,301.0,CA,mg,CALCIUM,CA,0,1000.0,3.0,0.053
138732,139230,2165,301,53.0,,0.0,0,1997-05-01,22.0,301.0,CA,mg,CALCIUM,CA,0,1000.0,3.0,0.053
410648,412135,6197,301,54.0,,3.0,0,2006-11-30,22.0,301.0,CA,mg,CALCIUM,CA,0,1000.0,3.0,0.054
141633,142133,2202,301,54.0,,2.0,0,1997-05-01,22.0,301.0,CA,mg,CALCIUM,CA,0,1000.0,3.0,0.054
421915,423485,501548,301,54.0,,2.0,0,2008-06-02,22.0,301.0,CA,mg,CALCIUM,CA,0,1000.0,3.0,0.054
144716,145219,2237,301,54.0,,1.0,0,1997-05-01,22.0,301.0,CA,mg,CALCIUM,CA,0,1000.0,3.0,0.054
131994,132492,2079,301,55.0,,0.0,0,1997-05-01,22.0,301.0,CA,mg,CALCIUM,CA,0,1000.0,3.0,0.055
409791,411271,6188,301,55.0,,,4,2006-11-17,22.0,301.0,CA,mg,CALCIUM,CA,0,1000.0,3.0,0.055
453567,455337,502017,301,55.0,1.132,4.0,0,2010-03-12,22.0,301.0,CA,mg,CALCIUM,CA,0,1000.0,3.0,0.055
167104,167627,2495,301,57.0,1.295,18.0,0,2015-01-27,22.0,301.0,CA,mg,CALCIUM,CA,0,1000.0,3.0,0.057
167303,167826,2497,301,57.0,1.295,18.0,0,2015-01-27,22.0,301.0,CA,mg,CALCIUM,CA,0,1000.0,3.0,0.057
139132,139631,2170,301,57.0,,0.0,0,1997-05-01,22.0,301.0,CA,mg,CALCIUM,CA,0,1000.0,3.0,0.057
493813,496018,502492,301,57.0,,1.0,0,2015-01-16,22.0,301.0,CA,mg,CALCIUM,CA,0,1000.0,3.0,0.057
135889,136387,2132,301,58.0,,1.0,0,1997-05-01,22.0,301.0,CA,mg,CALCIUM,CA,0,1000.0,3.0,0.058
154067,154578,2354,301,58.0,12.592,3.0,0,2009-07-02,22.0,301.0,CA,mg,CALCIUM,CA,0,1000.0,3.0,0.058
126531,127029,2013,301,58.0,,1.0,0,1997-05-01,22.0,301.0,CA,mg,CALCIUM,CA,0,1000.0,3.0,0.058
129825,130323,2053,301,58.0,,1.0,0,1997-05-01,22.0,301.0,CA,mg,CALCIUM,CA,0,1000.0,3.0,0.058
128109,128607,2032,301,59.0,,0.0,0,1997-05-01,22.0,301.0,CA,mg,CALCIUM,CA,0,1000.0,3.0,0.059
158195,158709,2396,301,59.0,,1.0,0,1997-05-01,22.0,301.0,CA,mg,CALCIUM,CA,0,1000.0,3.0,0.059
142308,142808,2211,301,59.0,9.655,3.0,0,2009-07-02,22.0,301.0,CA,mg,CALCIUM,CA,0,1000.0,3.0,0.059
137310,137808,2148,301,59.0,,0.0,0,1997-05-01,22.0,301.0,CA,mg,CALCIUM,CA,0,1000.0,3.0,0.059
141419,141919,2199,301,60.0,,1.0,0,1997-05-01,22.0,301.0,CA,mg,CALCIUM,CA,0,1000.0,3.0,0.06
426708,428284,501635,301,61.0,,0.0,0,2009-06-29,22.0,301.0,CA,mg,CALCIUM,CA,0,1000.0,3.0,0.061
152649,153160,2337,301,61.0,8.47,3.0,0,2009-07-02,22.0,301.0,CA,mg,CALCIUM,CA,0,1000.0,3.0,0.061
148187,148694,2280,301,61.0,,0.0,0,1997-05-01,22.0,301.0,CA,mg,CALCIUM,CA,0,1000.0,3.0,0.061
132376,132874,2085,301,61.0,,0.0,0,1997-05-01,22.0,301.0,CA,mg,CALCIUM,CA,0,1000.0,3.0,0.061
445081,446745,501886,301,61.0,3.033,3.0,0,2009-05-15,22.0,301.0,CA,mg,CALCIUM,CA,0,1000.0,3.0,0.061
334881,335975,4859,301,61.0,,2.0,0,2000-12-20,22.0,301.0,CA,mg,CALCIUM,CA,0,1000.0,3.0,0.061
161210,161726,2428,301,62.0,6.344,3.0,0,2009-07-02,22.0,301.0,CA,mg,CALCIUM,CA,0,1000.0,3.0,0.062
412353,413853,6218,301,63.0,,2.0,0,2006-11-30,22.0,301.0,CA,mg,CALCIUM,CA,0,1000.0,3.0,0.063
132185,132683,2082,301,63.0,,0.0,0,1997-05-01,22.0,301.0,CA,mg,CALCIUM,CA,0,1000.0,3.0,0.063
334437,335531,4853,301,65.0,,2.0,0,2000-12-20,22.0,301.0,CA,mg,CALCIUM,CA,0,1000.0,3.0,0.065
131923,132421,2078,301,65.0,,0.0,0,1997-05-01,22.0,301.0,CA,mg,CALCIUM,CA,0,1000.0,3.0,0.065
162238,162756,2440,301,65.0,,2.0,0,2001-03-22,22.0,301.0,CA,mg,CALCIUM,CA,0,1000.0,3.0,0.065
141007,141507,2194,301,65.0,,0.0,0,1997-05-01,22.0,301.0,CA,mg,CALCIUM,CA,0,1000.0,3.0,0.065
370333,371599,5605,301,67.0,,1.0,0,2013-05-22,22.0,301.0,CA,mg,CALCIUM,CA,0,1000.0,3.0,0.067
142232,142732,2210,301,67.0,5.54,8.0,0,1997-05-01,22.0,301.0,CA,mg,CALCIUM,CA,0,1000.0,3.0,0.067
130424,130922,2061,301,69.0,,1.0,0,1997-05-01,22.0,301.0,CA,mg,CALCIUM,CA,0,1000.0,3.0,0.069
425825,427401,501621,301,69.0,,1.0,0,2009-06-29,22.0,301.0,CA,mg,CALCIUM,CA,0,1000.0,3.0,0.069
132240,132738,2083,301,69.0,,1.0,0,1997-05-01,22.0,301.0,CA,mg,CALCIUM,CA,0,1000.0,3.0,0.069
141880,142380,2205,301,70.0,13.288,3.0,0,2009-07-02,22.0,301.0,CA,mg,CALCIUM,CA,0,1000.0,3.0,0.07
425180,426756,501613,301,72.0,,0.0,0,2009-06-29,22.0,301.0,CA,mg,CALCIUM,CA,0,1000.0,3.0,0.072
128998,129496,2043,301,72.0,,0.0,0,1997-05-01,22.0,301.0,CA,mg,CALCIUM,CA,0,1000.0,3.0,0.072
141712,142212,2203,301,72.0,,2.0,0,1997-05-01,22.0,301.0,CA,mg,CALCIUM,CA,0,1000.0,3.0,0.072
441313,442937,501839,301,73.0,,,102,2009-05-08,22.0,301.0,CA,mg,CALCIUM,CA,0,1000.0,3.0,0.073
430516,432105,501684,301,77.0,5.51,18.0,0,2009-06-29,22.0,301.0,CA,mg,CALCIUM,CA,0,1000.0,3.0,0.077
136111,136609,2135,301,77.0,5.51,18.0,0,2004-03-31,22.0,301.0,CA,mg,CALCIUM,CA,0,1000.0,3.0,0.077
141063,141563,2195,301,78.0,,1.0,0,1997-05-01,22.0,301.0,CA,mg,CALCIUM,CA,0,1000.0,3.0,0.078
144801,145304,2238,301,78.0,,1.0,0,2013-09-03,22.0,301.0,CA,mg,CALCIUM,CA,0,1000.0,3.0,0.078
132299,132797,2084,301,81.0,,0.0,0,1997-05-01,22.0,301.0,CA,mg,CALCIUM,CA,0,1000.0,3.0,0.081
142401,142901,2212,301,82.0,,1.0,0,1997-05-01,22.0,301.0,CA,mg,CALCIUM,CA,0,1000.0,3.0,0.082
136010,136508,2134,301,82.0,4.5,4.0,0,2013-09-03,22.0,301.0,CA,mg,CALCIUM,CA,0,1000.0,3.0,0.082
465549,467452,502150,301,83.0,1.761,272.0,0,2015-03-20,22.0,301.0,CA,mg,CALCIUM,CA,0,1000.0,3.0,0.083
125070,125568,1995,301,84.0,,0.0,0,1997-05-01,22.0,301.0,CA,mg,CALCIUM,CA,0,1000.0,3.0,0.084
145891,146394,2250,301,86.0,,2.0,0,1997-05-01,22.0,301.0,CA,mg,CALCIUM,CA,0,1000.0,3.0,0.086
130281,130779,2059,301,92.0,22.146,3.0,0,2009-07-02,22.0,301.0,CA,mg,CALCIUM,CA,0,1000.0,3.0,0.092
148733,149240,2287,301,93.0,,1.0,0,1997-05-01,22.0,301.0,CA,mg,CALCIUM,CA,0,1000.0,3.0,0.093
128679,129177,2039,301,93.0,,1.0,0,1997-05-01,22.0,301.0,CA,mg,CALCIUM,CA,0,1000.0,3.0,0.093
335254,336349,4863,301,97.0,,2.0,0,2000-12-20,22.0,301.0,CA,mg,CALCIUM,CA,0,1000.0,3.0,0.097
130137,130635,2057,301,100.0,,1.0,0,1997-05-01,22.0,301.0,CA,mg,CALCIUM,CA,0,1000.0,3.0,0.1
334360,335454,4851,301,100.0,,2.0,0,2000-12-20,22.0,301.0,CA,mg,CALCIUM,CA,0,1000.0,3.0,0.1
135679,136177,2129,301,101.0,,0.0,0,1997-05-01,22.0,301.0,CA,mg,CALCIUM,CA,0,1000.0,3.0,0.101
424168,425742,501600,301,102.0,,0.0,0,2009-06-29,22.0,301.0,CA,mg,CALCIUM,CA,0,1000.0,3.0,0.102
148784,149291,2288,301,102.0,,0.0,0,1997-05-01,22.0,301.0,CA,mg,CALCIUM,CA,0,1000.0,3.0,0.102
465031,466928,502143,301,103.0,,2.0,0,2011-08-11,22.0,301.0,CA,mg,CALCIUM,CA,0,1000.0,3.0,0.103
128066,128564,2031,301,103.0,,0.0,0,1997-05-01,22.0,301.0,CA,mg,CALCIUM,CA,0,1000.0,3.0,0.103
145802,146305,2249,301,107.0,,1.0,0,1997-05-01,22.0,301.0,CA,mg,CALCIUM,CA,0,1000.0,3.0,0.107
357243,358461,5410,301,108.0,10.878,4.0,0,2009-06-19,22.0,301.0,CA,mg,CALCIUM,CA,0,1000.0,3.0,0.108
147678,148182,2273,301,109.0,,0.0,0,1997-05-01,22.0,301.0,CA,mg,CALCIUM,CA,0,1000.0,3.0,0.109
153582,154093,2348,301,110.0,,1.0,0,1997-05-01,22.0,301.0,CA,mg,CALCIUM,CA,0,1000.0,3.0,0.11
133659,134157,2102,301,113.0,,1.0,0,1997-05-01,22.0,301.0,CA,mg,CALCIUM,CA,0,1000.0,3.0,0.113
147239,147743,2268,301,114.0,,2.0,0,1997-05-01,22.0,301.0,CA,mg,CALCIUM,CA,0,1000.0,3.0,0.114
127287,127785,2022,301,114.0,,1.0,0,1997-05-01,22.0,301.0,CA,mg,CALCIUM,CA,0,1000.0,3.0,0.114
423822,425395,501594,301,114.0,,1.0,0,2009-06-29,22.0,301.0,CA,mg,CALCIUM,CA,0,1000.0,3.0,0.114
135451,135949,2126,301,115.0,7.347,5.0,0,2013-09-03,22.0,301.0,CA,mg,CALCIUM,CA,0,1000.0,3.0,0.115
391959,393275,5937,301,116.0,,,10,2005-06-29,22.0,301.0,CA,mg,CALCIUM,CA,0,1000.0,3.0,0.116
135599,136097,2128,301,116.0,5.299,12.0,0,2009-07-02,22.0,301.0,CA,mg,CALCIUM,CA,0,1000.0,3.0,0.116
127190,127688,2021,301,117.0,,2.0,0,2004-03-31,22.0,301.0,CA,mg,CALCIUM,CA,0,1000.0,3.0,0.117
130376,130874,2060,301,117.0,,2.0,0,2004-03-31,22.0,301.0,CA,mg,CALCIUM,CA,0,1000.0,3.0,0.117
336339,337434,4881,301,117.0,,2.0,0,2000-12-20,22.0,301.0,CA,mg,CALCIUM,CA,0,1000.0,3.0,0.117
430204,431791,501679,301,118.0,,2.0,0,2013-09-03,22.0,301.0,CA,mg,CALCIUM,CA,0,1000.0,3.0,0.118
357359,358577,5411,301,118.0,,2.0,0,2004-03-24,22.0,301.0,CA,mg,CALCIUM,CA,0,1000.0,3.0,0.118
135526,136024,2127,301,118.0,,2.0,0,2013-09-03,22.0,301.0,CA,mg,CALCIUM,CA,0,1000.0,3.0,0.118
146981,147485,2265,301,118.0,10.098,4.0,0,2009-07-02,22.0,301.0,CA,mg,CALCIUM,CA,0,1000.0,3.0,0.118
147058,147562,2266,301,118.0,12.014,13.0,0,2009-07-02,22.0,301.0,CA,mg,CALCIUM,CA,0,1000.0,3.0,0.118
139209,139708,2171,301,119.0,,0.0,0,1997-05-01,22.0,301.0,CA,mg,CALCIUM,CA,0,1000.0,3.0,0.119
147905,148411,2276,301,120.0,,1.0,0,1997-05-01,22.0,301.0,CA,mg,CALCIUM,CA,0,1000.0,3.0,0.12
151349,151859,2320,301,120.0,,0.0,0,1997-05-01,22.0,301.0,CA,mg,CALCIUM,CA,0,1000.0,3.0,0.12
336429,337524,4883,301,124.0,,2.0,0,2000-12-20,22.0,301.0,CA,mg,CALCIUM,CA,0,1000.0,3.0,0.124
131602,132100,2074,301,126.0,,2.0,0,1997-05-01,22.0,301.0,CA,mg,CALCIUM,CA,0,1000.0,3.0,0.126
409892,411373,6189,301,127.0,,,4,2006-11-17,22.0,301.0,CA,mg,CALCIUM,CA,0,1000.0,3.0,0.127
131672,132170,2075,301,128.0,,0.0,0,1997-05-01,22.0,301.0,CA,mg,CALCIUM,CA,0,1000.0,3.0,0.128
147317,147821,2269,301,128.0,,0.0,0,2009-07-02,22.0,301.0,CA,mg,CALCIUM,CA,0,1000.0,3.0,0.128
146060,146563,2253,301,129.0,,0.0,0,1997-05-01,22.0,301.0,CA,mg,CALCIUM,CA,0,1000.0,3.0,0.129
142773,143274,2216,301,129.0,4.176,11.0,0,2009-07-02,22.0,301.0,CA,mg,CALCIUM,CA,0,1000.0,3.0,0.129
464989,466886,502142,301,130.0,,2.0,0,2011-08-11,22.0,301.0,CA,mg,CALCIUM,CA,0,1000.0,3.0,0.13
149304,149811,2296,301,132.0,,0.0,0,1997-05-01,22.0,301.0,CA,mg,CALCIUM,CA,0,1000.0,3.0,0.132
432168,433761,501703,301,134.0,,1.0,0,2009-06-29,22.0,301.0,CA,mg,CALCIUM,CA,0,1000.0,3.0,0.134
149599,150106,2300,301,134.0,,1.0,0,1997-05-01,22.0,301.0,CA,mg,CALCIUM,CA,0,1000.0,3.0,0.134
142583,143083,2214,301,136.0,3.285,12.0,0,2009-07-02,22.0,301.0,CA,mg,CALCIUM,CA,0,1000.0,3.0,0.136
146888,147392,2264,301,137.0,,0.0,0,1997-05-01,22.0,301.0,CA,mg,CALCIUM,CA,0,1000.0,3.0,0.137
159111,159626,2405,301,138.0,6.838,4.0,0,2009-07-02,22.0,301.0,CA,mg,CALCIUM,CA,0,1000.0,3.0,0.138
132530,133028,2087,301,140.0,,0.0,0,1997-05-01,22.0,301.0,CA,mg,CALCIUM,CA,0,1000.0,3.0,0.14
130675,131173,2064,301,141.0,7.471,29.0,0,2013-09-03,22.0,301.0,CA,mg,CALCIUM,CA,0,1000.0,3.0,0.141
435152,436752,501764,301,145.0,,2.0,0,2009-06-29,22.0,301.0,CA,mg,CALCIUM,CA,0,1000.0,3.0,0.145
142145,142645,2209,301,145.0,,2.0,0,1997-05-01,22.0,301.0,CA,mg,CALCIUM,CA,0,1000.0,3.0,0.145
146112,146615,2254,301,149.0,,1.0,0,1997-05-01,22.0,301.0,CA,mg,CALCIUM,CA,0,1000.0,3.0,0.149
158120,158634,2395,301,150.0,,2.0,0,2013-09-03,22.0,301.0,CA,mg,CALCIUM,CA,0,1000.0,3.0,0.15
151443,151953,2321,301,150.0,,2.0,0,1997-05-01,22.0,301.0,CA,mg,CALCIUM,CA,0,1000.0,3.0,0.15
428775,430362,501660,301,151.0,,0.0,0,2009-06-29,22.0,301.0,CA,mg,CALCIUM,CA,0,1000.0,3.0,0.151
133282,133780,2097,301,151.0,,0.0,0,1997-05-01,22.0,301.0,CA,mg,CALCIUM,CA,0,1000.0,3.0,0.151
147146,147650,2267,301,152.0,,0.0,0,1997-05-01,22.0,301.0,CA,mg,CALCIUM,CA,0,1000.0,3.0,0.152
135833,136331,2131,301,158.0,,0.0,0,1997-05-01,22.0,301.0,CA,mg,CALCIUM,CA,0,1000.0,3.0,0.158
336473,337568,4884,301,159.0,,2.0,0,2000-12-20,22.0,301.0,CA,mg,CALCIUM,CA,0,1000.0,3.0,0.159
153902,154413,2352,301,160.0,,2.0,0,1997-05-01,22.0,301.0,CA,mg,CALCIUM,CA,0,1000.0,3.0,0.16
154234,154745,2356,301,164.0,26.039,4.0,0,2009-07-02,22.0,301.0,CA,mg,CALCIUM,CA,0,1000.0,3.0,0.164
154328,154839,2357,301,164.0,,2.0,0,1997-05-01,22.0,301.0,CA,mg,CALCIUM,CA,0,1000.0,3.0,0.164
150908,151416,2315,301,165.0,,0.0,0,2009-07-02,22.0,301.0,CA,mg,CALCIUM,CA,0,1000.0,3.0,0.165
141787,142287,2204,301,168.0,20.086,6.0,0,2009-07-02,22.0,301.0,CA,mg,CALCIUM,CA,0,1000.0,3.0,0.168
149455,149962,2298,301,176.0,,1.0,0,1997-05-01,22.0,301.0,CA,mg,CALCIUM,CA,0,1000.0,3.0,0.176
149768,150275,2302,301,183.0,,1.0,0,1997-05-01,22.0,301.0,CA,mg,CALCIUM,CA,0,1000.0,3.0,0.183
133218,133716,2096,301,185.0,,0.0,0,1997-05-01,22.0,301.0,CA,mg,CALCIUM,CA,0,1000.0,3.0,0.185
390497,391809,5909,301,188.0,,,10,2005-06-29,22.0,301.0,CA,mg,CALCIUM,CA,0,1000.0,3.0,0.188
142070,142570,2208,301,197.0,,2.0,0,1997-05-01,22.0,301.0,CA,mg,CALCIUM,CA,0,1000.0,3.0,0.197
149227,149734,2295,301,205.0,,1.0,0,1997-05-01,22.0,301.0,CA,mg,CALCIUM,CA,0,1000.0,3.0,0.205
133702,134200,2103,301,208.0,,0.0,0,1997-05-01,22.0,301.0,CA,mg,CALCIUM,CA,0,1000.0,3.0,0.208
124270,124767,1985,301,209.0,,0.0,0,1997-05-01,22.0,301.0,CA,mg,CALCIUM,CA,0,1000.0,3.0,0.209
135765,136263,2130,301,210.0,,0.0,0,1997-05-01,22.0,301.0,CA,mg,CALCIUM,CA,0,1000.0,3.0,0.21
425890,427466,501623,301,210.0,,0.0,0,2009-06-29,22.0,301.0,CA,mg,CALCIUM,CA,0,1000.0,3.0,0.21
133775,134273,2104,301,211.0,,1.0,0,1997-05-01,22.0,301.0,CA,mg,CALCIUM,CA,0,1000.0,3.0,0.211
124198,124695,1984,301,215.0,59.071,6.0,0,2009-07-02,22.0,301.0,CA,mg,CALCIUM,CA,0,1000.0,3.0,0.215
148241,148748,2281,301,224.0,,2.0,0,1997-05-01,22.0,301.0,CA,mg,CALCIUM,CA,0,1000.0,3.0,0.224
130579,131077,2063,301,232.0,10.092,6.0,0,2013-09-03,22.0,301.0,CA,mg,CALCIUM,CA,0,1000.0,3.0,0.232
134455,134953,2112,301,258.0,,0.0,0,1997-05-01,22.0,301.0,CA,mg,CALCIUM,CA,0,1000.0,3.0,0.258
391935,393251,5936,301,267.0,,,10,2005-06-29,22.0,301.0,CA,mg,CALCIUM,CA,0,1000.0,3.0,0.267
334656,335750,4856,301,289.0,,2.0,0,2000-12-20,22.0,301.0,CA,mg,CALCIUM,CA,0,1000.0,3.0,0.289
482015,484054,502350,301,299.0,,1.0,0,2013-12-31,22.0,301.0,CA,mg,CALCIUM,CA,0,1000.0,3.0,0.299
139767,140267,2177,301,311.0,71.929,3.0,0,2009-07-02,22.0,301.0,CA,mg,CALCIUM,CA,0,1000.0,3.0,0.311
334572,335666,4855,301,363.0,,2.0,0,2000-12-20,22.0,301.0,CA,mg,CALCIUM,CA,0,1000.0,3.0,0.363
416525,418053,6266,301,417.0,,1.0,0,2006-11-30,22.0,301.0,CA,mg,CALCIUM,CA,0,1000.0,3.0,0.417
335342,336437,4865,301,429.0,,2.0,0,2000-12-20,22.0,301.0,CA,mg,CALCIUM,CA,0,1000.0,3.0,0.429
167505,168029,2499,301,436.0,0.0,0.0,4,1997-05-01,22.0,301.0,CA,mg,CALCIUM,CA,0,1000.0,3.0,0.436
416603,418131,6267,301,460.0,,1.0,0,2006-11-30,22.0,301.0,CA,mg,CALCIUM,CA,0,1000.0,3.0,0.46
465063,466960,502144,301,481.0,,2.0,0,2011-08-11,22.0,301.0,CA,mg,CALCIUM,CA,0,1000.0,3.0,0.481
372023,373295,5624,301,587.0,,0.0,0,2004-03-24,22.0,301.0,CA,mg,CALCIUM,CA,0,1000.0,3.0,0.587
151193,151703,2318,301,625.0,,2.0,0,1997-05-01,22.0,301.0,CA,mg,CALCIUM,CA,0,1000.0,3.0,0.625
416665,418193,6268,301,770.0,,1.0,0,2006-11-30,22.0,301.0,CA,mg,CALCIUM,CA,0,1000.0,3.0,0.77
148836,149343,2289,301,813.0,,1.0,0,1997-05-01,22.0,301.0,CA,mg,CALCIUM,CA,0,1000.0,3.0,0.813
